{"cameraMode":{"drawMode":0,"name":"Shaded","section":"Shading Mode"},"sceneLighting":false,"audioPlay":false,"sceneViewState":{"showFog":true,"showMaterialUpdate":false,"showSkybox":false,"showFlares":true,"showImageEffects":true,"showParticleSystems":true},"in2DMode":false,"pivot":{"x":-4.0,"y":0.19999995827674867,"z":5.225000381469727},"rotation":{"x":0.019237197935581209,"y":0.9757175445556641,"z":-0.19607126712799073,"w":0.09573166817426682},"size":5.5802083015441898,"orthographic":false}