{"cameraMode":{"drawMode":0,"name":"Shaded","section":"Shading Mode"},"sceneLighting":true,"audioPlay":false,"sceneViewState":{"showFog":true,"showMaterialUpdate":false,"showSkybox":true,"showFlares":true,"showImageEffects":true,"showParticleSystems":true},"in2DMode":false,"pivot":{"x":0.13298234343528748,"y":2.1887269020080568,"z":5.598066329956055},"rotation":{"x":0.030305683612823488,"y":-0.002687983214855194,"z":0.00006136838055681437,"w":0.9995600581169128},"size":19.862218856811525,"orthographic":true}